<?xml version="1.0"?>
<!--
  ~ Magestore
  ~
  ~ NOTICE OF LICENSE
  ~
  ~ This source file is subject to the Magestore.com license that is
  ~ available through the world-wide-web at this URL:
  ~ http://www.magestore.com/license-agreement.html
  ~
  ~ DISCLAIMER
  ~
  ~ Do not edit or add to this file if you wish to upgrade this extension to newer
  ~ version in the future.
  ~
  ~ @category    Magestore
  ~ @package     Magestore_Affiliateplus
  ~ @module     Affiliateplus
  ~ @author      Magestore Developer
  ~
  ~ @copyright   Copyright (c) 2016 Magestore (http://www.magestore.com/)
  ~ @license     http://www.magestore.com/license-agreement.html
  ~
  -->

<config>
    <acl>
        <resources>
            <all>
                <title>Allow Everything</title>
            </all>
            <admin>
                <children>
                    <system>
                        <children>
                            <config>
                                <children>
                                    <affiliateplus_payment translate="title">
                                        <title>Affiliate Plus Payment Method</title>
                                        <sort_order>50</sort_order>
                                    </affiliateplus_payment>									
                                </children>
                            </config>
                        </children>
                    </system>
                </children>
            </admin>
        </resources>
    </acl>
</config>