<?xml version="1.0" encoding="utf-8"?>
<config>
    <acl>
        <resources>
            <admin>
                <children>
                    <system>
                        <children>
                            <config>
                                <children>
                                    <searchsphinx translate="title" module="searchsphinx">
                                        <title>Search Sphinx</title>
                                    </searchsphinx>
                                </children>
                            </config>
                        </children>
                    </system>
                    <search>
                        <children>
                            <searchsphinx_synonyms>
                                <title>Dictionary of synonyms</title>
                                <sort_order>30</sort_order>
                            </searchsphinx_synonyms>
                            <searchsphinx_stopwords>
                                <title>Dictionary of stopwords</title>
                                <sort_order>40</sort_order>
                            </searchsphinx_stopwords>
                        </children>
                    </search>
                </children>
            </admin>
        </resources>
    </acl>
    <menu>
        <search>
            <children>
                <searchsphinx_synonyms module="searchsphinx">
                    <title>Dictionary of synonyms</title>
                    <sort_order>30</sort_order>
                    <action>adminhtml/searchsphinx_synonym/index</action>
                </searchsphinx_synonyms>
                <searchsphinx_stopwords module="searchsphinx">
                    <title>Dictionary of stopwords</title>
                    <sort_order>40</sort_order>
                    <action>adminhtml/searchsphinx_stopword/index</action>
                </searchsphinx_stopwords>
            </children>
        </search>
    </menu>
</config>
