<?xml version="1.0"?>
<!--
  ~ Magestore
  ~
  ~ NOTICE OF LICENSE
  ~
  ~ This source file is subject to the Magestore.com license that is
  ~ available through the world-wide-web at this URL:
  ~ http://www.magestore.com/license-agreement.html
  ~
  ~ DISCLAIMER
  ~
  ~ Do not edit or add to this file if you wish to upgrade this extension to newer
  ~ version in the future.
  ~
  ~ @category    Magestore
  ~ @package     Magestore_Affiliateplus
  ~ @module     Affiliateplus
  ~ @author      Magestore Developer
  ~
  ~ @copyright   Copyright (c) 2016 Magestore (http://www.magestore.com/)
  ~ @license     http://www.magestore.com/license-agreement.html
  ~
  -->

<config>
    <tabs>
        <magestore translate="label">
            <label>Magestore Extension</label>
            <sort_order>400</sort_order>
        </magestore>
    </tabs>

    <sections>
        <affiliateplus translate="label" module="affiliateplus">
            <class>separator-top</class>
            <label>Affiliate Plus</label>
            <tab>magestore</tab>
            <frontend_type>text</frontend_type>
            <sort_order>300</sort_order>
            <show_in_default>1</show_in_default>
            <show_in_website>1</show_in_website>
            <show_in_store>1</show_in_store>
            <groups>
                <!--Changed By Adam 11/09/2014: Add User Guide to configuration page-->
                <document_help translate="label">
                    <label>Document and Help</label>
                    <frontend_type>text</frontend_type>
                    <sort_order>1</sort_order>
                    <show_in_default>1</show_in_default>
                    <show_in_website>1</show_in_website>
                    <show_in_store>1</show_in_store>
                    <fields>
<!--                        <affiliateplus_document_and_help translate="label">
                            <label>To find all userguides and useful documents of Affiliate Plus extension, please visit our Resources page.</label>
                            <frontend_type>label</frontend_type>  
                            <frontend_model>affiliateplus/adminhtml_field_resourcepage</frontend_model>
                            <sort_order>1</sort_order>
                            <show_in_default>1</show_in_default>
                            <show_in_website>0</show_in_website>
                            <show_in_store>0</show_in_store>
                            <comment></comment>
                        </affiliateplus_document_and_help>-->
                        <affiliateplus_installation_guide_separator translate="label">
                            <label>Affiliate Plus Installation</label>
                            <frontend_type>label</frontend_type>  
                            <frontend_model>affiliateplus/adminhtml_field_separator</frontend_model>
                            <sort_order>5</sort_order>
                            <show_in_default>1</show_in_default>
                            <show_in_website>0</show_in_website>
                            <show_in_store>0</show_in_store>
                            <comment></comment>
                        </affiliateplus_installation_guide_separator>
                        <affiliateplus_installation_guide translate="label">
                            <label>Affiliate Plus Installation Guide</label>
                            <frontend_type>label</frontend_type>  
                            <frontend_model>affiliateplus/adminhtml_field_affiliateplusinstallation</frontend_model>
                            <sort_order>10</sort_order>
                            <show_in_default>1</show_in_default>
                            <show_in_website>0</show_in_website>
                            <show_in_store>0</show_in_store>
                            <comment></comment>
                        </affiliateplus_installation_guide>
                        <affiliateplus_plugin_installation_guide translate="label">
                            <label>Affiliate Plus Plugin Installation Guide</label>
                            <frontend_type>label</frontend_type>  
                            <frontend_model>affiliateplus/adminhtml_field_affiliateplusplugininstallation</frontend_model>
                            <sort_order>15</sort_order>
                            <show_in_default>1</show_in_default>
                            <show_in_website>0</show_in_website>
                            <show_in_store>0</show_in_store>
                            <comment></comment>
                        </affiliateplus_plugin_installation_guide>
                        <affiliateplus_user_guide_separator translate="label">
                            <label>Affiliate Plus User Guide</label>
                            <frontend_type>label</frontend_type>  
                            <frontend_model>affiliateplus/adminhtml_field_separator</frontend_model>
                            <sort_order>20</sort_order>
                            <show_in_default>1</show_in_default>
                            <show_in_website>0</show_in_website>
                            <show_in_store>0</show_in_store>
                            <comment></comment>
                        </affiliateplus_user_guide_separator>
                        <affiliateplus_standard_user_guide translate="label">
                            <label>Affiliate Plus Standard User Guide</label>
                            <frontend_type>label</frontend_type>  
                            <frontend_model>affiliateplus/adminhtml_field_standard</frontend_model>
                            <sort_order>45</sort_order>
                            <show_in_default>1</show_in_default>
                            <show_in_website>0</show_in_website>
                            <show_in_store>0</show_in_store>
                            <comment></comment>
                        </affiliateplus_standard_user_guide>
                    </fields>
                </document_help>
                <general translate="label">
                    <label>General Configuration</label>
                    <frontend_type>text</frontend_type>
                    <sort_order>1</sort_order>
                    <show_in_default>1</show_in_default>
                    <show_in_website>1</show_in_website>
                    <show_in_store>1</show_in_store>
                    <fields>
                        <!--Changed By Adam 28/07/2014-->
                        <enable translate="label">
                            <label>Enable Affiliate Plus Module</label>
                            <frontend_type>select</frontend_type>  
                            <source_model>adminhtml/system_config_source_yesno</source_model>                 
                            <sort_order>0</sort_order>
                            <show_in_default>1</show_in_default>
                            <show_in_website>1</show_in_website>
                            <show_in_store>1</show_in_store>
                        </enable>
                        <show_affiliate_link_on_frontend translate="label">
                            <label>Show Affiliate link in frontend</label>
                            <frontend_type>select</frontend_type>  
                            <source_model>adminhtml/system_config_source_yesno</source_model>                 
                            <sort_order>10</sort_order>
                            <show_in_default>1</show_in_default>
                            <show_in_website>1</show_in_website>
                            <show_in_store>1</show_in_store>
                            <comment></comment>
                        </show_affiliate_link_on_frontend>
                        
                        <welcome_page translate="label comment">
                            <label>Welcome page using CMS</label>
                            <frontend_type>select</frontend_type>
                            <source_model>adminhtml/system_config_source_cms_page</source_model>
                            <sort_order>20</sort_order>
                            <show_in_default>1</show_in_default>
                            <show_in_website>1</show_in_website>
                            <show_in_store>1</show_in_store>
                            <comment>Select Welcome page of your Affiliate system</comment>
                        </welcome_page>
                        
                        <material_enable translate="label">
                            <label>Show Material page</label>
                            <frontend_type>select</frontend_type>
                            <sort_order>30</sort_order>
                            <source_model>adminhtml/system_config_source_yesno</source_model>
                            <show_in_default>1</show_in_default>
                            <show_in_website>1</show_in_website>
                            <show_in_store>1</show_in_store>
                        </material_enable>
                        <material_page translate="label comment">
                            <label>Material page using CMS</label>
                            <frontend_type>select</frontend_type>
                            <source_model>adminhtml/system_config_source_cms_page</source_model>
                            <sort_order>40</sort_order>
                            <show_in_default>1</show_in_default>
                            <show_in_website>1</show_in_website>
                            <show_in_store>1</show_in_store>
                            <depends>
                                <material_enable>1</material_enable> 
                            </depends>
                            <comment>Create CMS page and manage there</comment>
                        </material_page>
						
                        <expired_time translate="label comment">
                            <label>Cookie Expiration (Days)</label>
                            <frontend_type>text</frontend_type>                   
                            <sort_order>70</sort_order>
                            <show_in_default>1</show_in_default>
                            <show_in_website>1</show_in_website>
                            <show_in_store>1</show_in_store>
                            <comment>The number of days for admin to store cookies of this program. Affiliates and invited customers can receive commission and discount for purchases made through affiliate link within this time.</comment>
                        </expired_time>
                        <substore_config translate="label comment">
                            <label>Enable Substore feature</label>
                            <frontend_type>select</frontend_type>
                            <sort_order>80</sort_order>
                            <source_model>adminhtml/system_config_source_yesno</source_model>
                            <show_in_default>1</show_in_default>
                            <show_in_website>1</show_in_website>
                            <show_in_store>1</show_in_store>
                            <comment>Each affiliate users will have a their own substore on your Magento shop to refer more customers.</comment>
                        </substore_config>
                    </fields>
                </general>
                <account>
                    <label>Account Configuration</label>
                    <frontend_type>text</frontend_type>
                    <sort_order>3</sort_order>
                    <show_in_default>1</show_in_default>
                    <show_in_website>1</show_in_website>
                    <show_in_store>1</show_in_store>
                    <fields>
                        <sign_up_separator translate="label">
                            <label>Affiliate Sign-up</label>
                            <frontend_type>label</frontend_type>
                            <frontend_model>affiliateplus/adminhtml_field_separator</frontend_model>
                            <sort_order>0</sort_order>
                            <show_in_default>1</show_in_default>
                            <show_in_website>1</show_in_website>
                            <show_in_store>1</show_in_store>
                            <comment></comment>
                        </sign_up_separator>
                        <!-- 
                        hainh update add terms and conditions field, auto create aff config
                        21-07-2014
                        -->
                        <terms_and_conditions translate="label">
                            <label>Terms and Conditions</label>
                            <frontend_type>textarea</frontend_type>                   
                            <sort_order>8</sort_order>
                            <show_in_default>1</show_in_default>
                            <show_in_website>1</show_in_website>
                            <show_in_store>1</show_in_store>
                            <comment>Leave blank for not showing Terms and Conditions</comment>
                        </terms_and_conditions>
                        <auto_create_affiliate translate="label">
                            <label>Auto create Affiliate account when Customer registers</label>
                            <frontend_type>select</frontend_type>  
                            <source_model>adminhtml/system_config_source_yesno</source_model>                 
                            <sort_order>0</sort_order>
                            <show_in_default>1</show_in_default>
                            <show_in_website>1</show_in_website>
                            <show_in_store>1</show_in_store>
                            <comment></comment>
                        </auto_create_affiliate>
                        <!-- hainh end editing -->
                        <register_description translate="label">
                            <label>Sign-up description</label>
                            <frontend_type>textarea</frontend_type>                   
                            <sort_order>10</sort_order>
                            <show_in_default>1</show_in_default>
                            <show_in_website>1</show_in_website>
                            <show_in_store>1</show_in_store>
                            <comment></comment>
                        </register_description>
                        <required_address translate="label">
                            <label>Require address to sign up</label>
                            <frontend_type>select</frontend_type>  
                            <source_model>adminhtml/system_config_source_yesno</source_model>                 
                            <sort_order>12</sort_order>
                            <show_in_default>1</show_in_default>
                            <show_in_website>1</show_in_website>
                            <show_in_store>1</show_in_store>
                            <comment></comment>
                        </required_address>
                        <required_paypal translate="label">
                            <label>Require PayPal email address to sign up</label>
                            <frontend_type>select</frontend_type>  
                            <source_model>adminhtml/system_config_source_yesno</source_model>
                            <sort_order>13</sort_order>
                            <show_in_default>1</show_in_default>
                            <show_in_website>1</show_in_website>
                            <show_in_store>1</show_in_store>
                            <comment></comment>
                        </required_paypal>
                        <need_approved translate="label">
                            <label>Need admin's approval</label>
                            <frontend_type>select</frontend_type>  
                            <source_model>adminhtml/system_config_source_yesno</source_model>                 
                            <sort_order>14</sort_order>
                            <show_in_default>1</show_in_default>
                            <show_in_website>1</show_in_website>
                            <show_in_store>1</show_in_store>
                            <comment></comment>
                        </need_approved>
                        <notification_after_signing_up translate="label">
                            <label>Notification after signing up</label>
                            <frontend_type>textarea</frontend_type>                   
                            <sort_order>15</sort_order>
                            <show_in_default>1</show_in_default>
                            <show_in_website>1</show_in_website>
                            <show_in_store>1</show_in_store>
                            <comment></comment>
                        </notification_after_signing_up>
                        
                        <balance_separator translate="label">
                            <label>Account Balance</label>
                            <frontend_type>label</frontend_type>
                            <frontend_model>affiliateplus/adminhtml_field_separator</frontend_model>
                            <sort_order>20</sort_order>
                            <show_in_default>1</show_in_default>
                            <show_in_website>1</show_in_website>
                            <show_in_store>0</show_in_store>
                            <comment></comment>
                        </balance_separator>
                        <balance translate="label">
                            <label>Account Balance Scope</label>
                            <frontend_type>select</frontend_type>
                            <sort_order>30</sort_order>
                            <source_model>affiliateplus/system_config_source_scope</source_model>
                            <show_in_default>1</show_in_default>
                            <show_in_website>0</show_in_website>
                            <show_in_store>0</show_in_store>
                            <comment>Select website(s) on which affiliates can use commissions to purchase items.</comment>
                        </balance>
                    </fields>
                </account>
                
                <commission>
                    <label>Commission Configuration</label>
                    <frontend_type>text</frontend_type>
                    <sort_order>4</sort_order>
                    <show_in_default>1</show_in_default>
                    <show_in_website>1</show_in_website>
                    <show_in_store>1</show_in_store>
                    <fields>
                        <calculate_separator translate="label">
                            <label>Pay per Sales/ Profit Commission</label>
                            <frontend_type>label</frontend_type>
                            <frontend_model>affiliateplus/adminhtml_field_separator</frontend_model>
                            <sort_order>10</sort_order>
                            <show_in_default>1</show_in_default>
                            <show_in_website>1</show_in_website>
                            <show_in_store>1</show_in_store>
                            <comment></comment>
                        </calculate_separator>
                        <affiliate_type translate="label">
                            <label>Pay commission</label>
                            <frontend_type>select</frontend_type>
                            <source_model>affiliateplus/system_config_source_type</source_model>
                            <sort_order>15</sort_order>
                            <show_in_default>1</show_in_default>
                            <show_in_website>1</show_in_website>
                            <show_in_store>1</show_in_store>
                            <comment></comment>
                        </affiliate_type>
                        <commission_type translate="label">
                            <label>Commission Type</label>
                            <frontend_type>select</frontend_type>
                            <source_model>affiliateplus/system_config_source_fixedpercentage</source_model>
                            <sort_order>20</sort_order>
                            <show_in_default>1</show_in_default>
                            <show_in_website>1</show_in_website>
                            <show_in_store>1</show_in_store>
                            <comment></comment>
                        </commission_type>
                        <commission translate="label">
                            <label>Commission Value</label>
                            <frontend_type>text</frontend_type>
                            <sort_order>30</sort_order>
                            <show_in_default>1</show_in_default>
                            <show_in_website>1</show_in_website>
                            <show_in_store>1</show_in_store>
                            <comment></comment>
                        </commission>
                        
                        <use_secondary translate="label comment">
                            <label>Use different commission from 2nd order of a Customer</label>
                            <frontend_type>select</frontend_type>
                            <sort_order>35</sort_order>
                            <source_model>adminhtml/system_config_source_yesno</source_model>
                            <show_in_default>1</show_in_default>
                            <show_in_website>1</show_in_website>
                            <show_in_store>1</show_in_store>
                            <comment>Select "No" to apply the above commission to all orders</comment>
                        </use_secondary>
                        <secondary_type translate="label">
                            <label>Commission Type (from 2nd order)</label>
                            <frontend_type>select</frontend_type>
                            <source_model>affiliateplus/system_config_source_fixedpercentage</source_model>
                            <sort_order>40</sort_order>
                            <show_in_default>1</show_in_default>
                            <show_in_website>1</show_in_website>
                            <show_in_store>1</show_in_store>
                            <depends>
                                <use_secondary>1</use_secondary>
                            </depends>
                            <comment></comment>
                        </secondary_type>
                        <secondary_commission translate="label">
                            <label>Commission Value (from 2nd order)</label>
                            <frontend_type>text</frontend_type>
                            <sort_order>45</sort_order>
                            <show_in_default>1</show_in_default>
                            <show_in_website>1</show_in_website>
                            <show_in_store>1</show_in_store>
                            <depends>
                                <use_secondary>1</use_secondary>
                            </depends>
                            <comment></comment>
                        </secondary_commission>
                        
                        <process_separator translate="label">
                            <label>Process Commission</label>
                            <frontend_type>label</frontend_type>
                            <frontend_model>affiliateplus/adminhtml_field_separator</frontend_model>
                            <sort_order>420</sort_order>
                            <show_in_default>1</show_in_default>
                            <show_in_website>1</show_in_website>
                            <show_in_store>1</show_in_store>
                            <comment>10px</comment>
                        </process_separator>

                        <!--Added By Adam (29/08/2016): allow affiliate to get commission from his purchase-->
                        <allow_affiliate_get_commission_from_his_purchase translate="label comment">
                            <label>Allow affiliate to get commission from his purchase</label>
                            <frontend_type>select</frontend_type>
                            <sort_order>425</sort_order>
                            <source_model>adminhtml/system_config_source_yesno</source_model>
                            <show_in_default>1</show_in_default>
                            <show_in_website>1</show_in_website>
                            <show_in_store>1</show_in_store>
                            <comment></comment>
                        </allow_affiliate_get_commission_from_his_purchase>
                        <!--End code-->

                        <updatebalance_orderstatus translate="label">
                            <label>Add commission to affiliate account balance when order status is</label>
                            <frontend_type>select</frontend_type>
                            <sort_order>430</sort_order>
                            <source_model>affiliateplus/system_config_source_orderstatus</source_model>     <!--Changed By Adam 22/08/2014-->
                            <show_in_default>1</show_in_default>
                            <show_in_website>1</show_in_website>
                            <show_in_store>1</show_in_store>
                            <comment>
                                If you select order's status as "processing", the commission just be calculate for the items that have been invoiced.
                            </comment>
                        </updatebalance_orderstatus>
                        <holding_period translate="label comment">
                            <label>Holding period</label>
                            <frontend_type>text</frontend_type>
                            <sort_order>435</sort_order>
                            <show_in_default>1</show_in_default>
                            <show_in_website>1</show_in_website>
                            <show_in_store>1</show_in_store>
                            <comment>(days). If empty or zero, affiliates' commission will not be hold back.</comment>
                        </holding_period>
                        <decrease_commission_creditmemo translate="label">
                            <label>Subtract commission from affiliate account balance when credit memo is created</label>
                            <frontend_type>select</frontend_type>
                            <sort_order>440</sort_order>
                            <source_model>adminhtml/system_config_source_yesno</source_model>
                            <show_in_default>1</show_in_default>
                            <show_in_website>1</show_in_website>
                            <show_in_store>1</show_in_store>
                        </decrease_commission_creditmemo>
                        <cancel_transaction_orderstatus translate="label">
                            <label>Subtract commission from account balance when order status is</label>
                            <frontend_type>multiselect</frontend_type>
                            <sort_order>450</sort_order>
                            <source_model>adminhtml/system_config_source_order_status</source_model>
                            <show_in_default>1</show_in_default>
                            <show_in_website>1</show_in_website>
                            <show_in_store>1</show_in_store>
                        </cancel_transaction_orderstatus>
                        
                        <lifetime_separator translate="label">
                            <label>Lifetime Sales Commission</label>
                            <frontend_type>label</frontend_type>
                            <frontend_model>affiliateplus/adminhtml_field_separator</frontend_model>
                            <sort_order>400</sort_order>
                            <show_in_default>1</show_in_default>
                            <show_in_website>0</show_in_website>
                            <show_in_store>0</show_in_store>
                            <comment></comment>
                        </lifetime_separator>
                        <life_time_sales translate="label comment">
                            <label>Lifetime Sales Commission</label>
                            <frontend_type>select</frontend_type>
                            <source_model>adminhtml/system_config_source_yesno</source_model>
                            <sort_order>410</sort_order>
                            <show_in_default>1</show_in_default>
                            <show_in_website>0</show_in_website>
                            <show_in_store>0</show_in_store>
                            <comment><![CDATA[Customer first buys through affiliate A's link, though later clicks affiliate B's link and buys, this transaction will still be counted for affiliate A.]]></comment>
                        </life_time_sales>
                    </fields>
                </commission>
                
                <discount>
                    <label>Discount Configuration</label>
                    <frontend_type>text</frontend_type>
                    <sort_order>5</sort_order>
                    <show_in_default>1</show_in_default>
                    <show_in_website>1</show_in_website>
                    <show_in_store>1</show_in_store>
                    <fields>
                        <allow_discount translate="label">
                            <label>When there's shopping cart discount, apply</label>
                            <frontend_type>select</frontend_type>
                            <source_model>affiliateplus/system_config_source_discount</source_model>
                            <sort_order>10</sort_order>
                            <show_in_default>1</show_in_default>
                            <show_in_website>1</show_in_website>
                            <show_in_store>1</show_in_store>
                            <comment></comment>
                        </allow_discount>
                        
                        <discount_type translate="label">
                            <label>Discount Type</label>
                            <frontend_type>select</frontend_type>
                            <source_model>affiliateplus/system_config_source_discounttype</source_model>
                            <sort_order>20</sort_order>
                            <show_in_default>1</show_in_default>
                            <show_in_website>1</show_in_website>
                            <show_in_store>1</show_in_store>
                            <comment></comment>
                        </discount_type>
						
                        <discount translate="label">
                            <label>Discount Value</label>
                            <frontend_type>text</frontend_type>                   
                            <sort_order>30</sort_order>
                            <show_in_default>1</show_in_default>
                            <show_in_website>1</show_in_website>
                            <show_in_store>1</show_in_store>
                            <comment></comment>
                        </discount>
                        
                        <use_secondary translate="label comment">
                            <label>Use different discount from 2nd order of a Customer</label>
                            <frontend_type>select</frontend_type>
                            <sort_order>35</sort_order>
                            <source_model>adminhtml/system_config_source_yesno</source_model>
                            <show_in_default>1</show_in_default>
                            <show_in_website>1</show_in_website>
                            <show_in_store>1</show_in_store>
                            <comment>Select "No" to apply above discount for all orders</comment>
                        </use_secondary>
                        <secondary_type translate="label">
                            <label>Discount Type (from 2nd order)</label>
                            <frontend_type>select</frontend_type>
                            <source_model>affiliateplus/system_config_source_discounttype</source_model>
                            <sort_order>37</sort_order>
                            <show_in_default>1</show_in_default>
                            <show_in_website>1</show_in_website>
                            <show_in_store>1</show_in_store>
                            <depends>
                                <use_secondary>1</use_secondary>
                            </depends>
                            <comment></comment>
                        </secondary_type>
                        <secondary_discount translate="label">
                            <label>Discount Value (from 2nd order)</label>
                            <frontend_type>text</frontend_type>                   
                            <sort_order>40</sort_order>
                            <show_in_default>1</show_in_default>
                            <show_in_website>1</show_in_website>
                            <show_in_store>1</show_in_store>
                            <depends>
                                <use_secondary>1</use_secondary>
                            </depends>
                            <comment></comment>
                        </secondary_discount>
                        
                        <type_discount translate="label">
                            <label>Discount displayed</label>
                            <frontend_type>select</frontend_type>
                            <source_model>affiliateplus/system_config_source_cartproduct</source_model>              
                            <sort_order>50</sort_order>
                            <show_in_default>1</show_in_default>
                            <show_in_website>1</show_in_website>
                            <show_in_store>1</show_in_store>
                            <comment></comment>
                        </type_discount>
                    </fields>
                </discount>
				
                <payment translate="label">
                    <label>Withdrawal Configuration</label>
                    <frontend_type>text</frontend_type>
                    <sort_order>10</sort_order>
                    <show_in_default>1</show_in_default>
                    <show_in_website>1</show_in_website>
                    <show_in_store>1</show_in_store>
                    <fields>
                        <!--edit by blanka-->
                        <default_method translate="label">
                            <label>Default payment method</label>
                            <frontend_type>select</frontend_type>
                            <sort_order>112</sort_order>
                            <source_model>affiliateplus/system_config_source_payments</source_model>
                            <show_in_default>1</show_in_default>
                            <show_in_website>1</show_in_website>
                            <show_in_store>1</show_in_store>
                            <comment><![CDATA[Select default payment method when affiliates request payment]]></comment>
                        </default_method>
                        <!--end edit by blanka-->
                        <store_credit translate="label">
                            <label>Use commission as store credit</label>
                            <frontend_type>select</frontend_type>
                            <sort_order>112</sort_order>
                            <source_model>adminhtml/system_config_source_yesno</source_model>
                            <show_in_default>1</show_in_default>
                            <show_in_website>1</show_in_website>
                            <show_in_store>1</show_in_store>
                            <comment><![CDATA[Allow affiliates to use commission to check out at your store]]></comment>
                        </store_credit>
                        <withdrawals translate="label">
                            <label>Allow withdrawal request</label>
                            <frontend_type>select</frontend_type>
                            <sort_order>117</sort_order>
                            <source_model>adminhtml/system_config_source_yesno</source_model>
                            <show_in_default>1</show_in_default>
                            <show_in_website>1</show_in_website>
                            <show_in_store>1</show_in_store>
                            <comment></comment>
                        </withdrawals>
                        
                        <payment_release translate="label">
                            <label>The minimum balance in affiliate account to request withdrawal</label>
                            <frontend_type>text</frontend_type>
                            <sort_order>120</sort_order>
                            <show_in_default>1</show_in_default>
                            <show_in_website>1</show_in_website>
                            <show_in_store>1</show_in_store>
                        </payment_release>
                        
                        <tax_class translate="label comment">
                            <label>Tax class for withdrawal</label>
                            <frontend_type>select</frontend_type>
                            <source_model>adminhtml/system_config_source_shipping_taxclass</source_model>
                            <sort_order>125</sort_order>
                            <show_in_default>1</show_in_default>
                            <show_in_website>1</show_in_website>
                            <show_in_store>0</show_in_store>
                            <comment></comment>
                        </tax_class>
                        
                        <!-- <tax_calc translate="label">
                            <label>Tax Calculation</label>
                            <frontend_type>select</frontend_type>
                            <sort_order>130</sort_order>
                            <source_model>affiliateplus/system_config_source_feetax</source_model>
                            <show_in_default>1</show_in_default>
                            <show_in_website>1</show_in_website>
                            <show_in_store>0</show_in_store>
                            <comment></comment>
                        </tax_calc> -->
						
                        <!--                        <payment_method>
                            <label>Paypal Withdrawal method</label>
                            <frontend_type>select</frontend_type>
                            <source_model>affiliateplus/system_config_source_paymentmethod</source_model>
                            <sort_order>130</sort_order>
                            <show_in_default>1</show_in_default>
                            <show_in_website>1</show_in_website>
                            <show_in_store>1</show_in_store>
                        </payment_method>-->
						
                        <who_pay_fees translate="label">
                            <label>Who pays transaction fee</label>
                            <frontend_type>select</frontend_type>
                            <source_model>affiliateplus/system_config_source_whopayfees</source_model>
                            <sort_order>140</sort_order>
                            <show_in_default>1</show_in_default>
                            <show_in_website>1</show_in_website>
                            <show_in_store>1</show_in_store>
                        </who_pay_fees>
						
                        <cancel_days translate="label">
                            <label>Allow affiliates to cancel withdrawal request within</label>
                            <frontend_type>text</frontend_type>
                            <sort_order>150</sort_order>
                            <show_in_default>1</show_in_default>
                            <show_in_website>1</show_in_website>
                            <show_in_store>1</show_in_store>
                            <comment>days. 0 or empty is unlimited.</comment>
                        </cancel_days>
                        
                        <reduce_balance translate="label">
                            <label>Subtract affiliate account balance immediately when a withdrawal request is created</label>
                            <frontend_type>select</frontend_type>
                            <sort_order>135</sort_order>
                            <source_model>adminhtml/system_config_source_yesno</source_model>
                            <show_in_default>1</show_in_default>
                            <show_in_website>1</show_in_website>
                            <show_in_store>1</show_in_store>
                        </reduce_balance>
                        
                    </fields>
                </payment>
				
                <email translate="label">
                    <label>Email Configuration</label>
                    <frontend_type>text</frontend_type>
                    <sort_order>30</sort_order>
                    <show_in_default>1</show_in_default>
                    <show_in_website>1</show_in_website>
                    <show_in_store>1</show_in_store>
                    <fields>
                        <sender_contact_separator translate="label">
                            <label>System Email Sender</label>
                            <frontend_type>label</frontend_type>
                            <frontend_model>affiliateplus/adminhtml_field_separator</frontend_model>
                            <sort_order>1</sort_order>
                            <show_in_default>1</show_in_default>
                            <show_in_website>1</show_in_website>
                            <show_in_store>1</show_in_store>
                            <comment></comment>
                        </sender_contact_separator>
                        <name_sender translate="label">
                            <label>Sender Name</label>
                            <frontend_type>text</frontend_type>
                            <sort_order>2</sort_order>
                            <show_in_default>1</show_in_default>
                            <show_in_website>1</show_in_website>
                            <show_in_store>1</show_in_store>
                            <comment></comment>
                        </name_sender>
                        <email_sender translate="label">
                            <label>Sender Email</label>
                            <frontend_type>text</frontend_type>
                            <validate>validate-email</validate>
                            <sort_order>3</sort_order>
                            <show_in_default>1</show_in_default>
                            <show_in_website>1</show_in_website>
                            <show_in_store>1</show_in_store>
                            <comment><![CDATA[Used to send emails from system to affiliates. If blank, affiliate system will use general store email address.]]></comment>
                        </email_sender>
                        <sign_up_separator translate="label">
                            <label>Affiliate Sign-up Email</label>
                            <frontend_type>label</frontend_type>
                            <frontend_model>affiliateplus/adminhtml_field_separator</frontend_model>
                            <sort_order>10</sort_order>
                            <show_in_default>1</show_in_default>
                            <show_in_website>1</show_in_website>
                            <show_in_store>1</show_in_store>
                            <comment></comment>
                        </sign_up_separator>
                        <is_sent_email_new_account translate="label">
                            <label>Send email to new affiliate</label>
                            <frontend_type>select</frontend_type>
                            <sort_order>20</sort_order>
                            <source_model>adminhtml/system_config_source_yesno</source_model>
                            <show_in_default>1</show_in_default>
                            <show_in_website>1</show_in_website>
                            <show_in_store>1</show_in_store>
                        </is_sent_email_new_account>
                        <new_account_email_template translate="label">
                            <label>Email template sent to newly registered affiliates</label>
                            <frontend_type>select</frontend_type>
                            <source_model>adminhtml/system_config_source_email_template</source_model>
                            <sort_order>30</sort_order>
                            <show_in_default>1</show_in_default>
                            <show_in_website>1</show_in_website>
                            <show_in_store>1</show_in_store>
                        </new_account_email_template>
                        <approved_account_email_template translate="label">
                            <label>Email template sent to newly approved affiliates</label>
                            <frontend_type>select</frontend_type>
                            <source_model>adminhtml/system_config_source_email_template</source_model>
                            <sort_order>40</sort_order>
                            <show_in_default>1</show_in_default>
                            <show_in_website>1</show_in_website>
                            <show_in_store>1</show_in_store>
                        </approved_account_email_template>
                        <is_sent_to_sales_new_account>
                            <label>Send email to admin when a new affiliate registers</label>
                            <frontend_type>select</frontend_type>
                            <sort_order>50</sort_order>
                            <source_model>adminhtml/system_config_source_yesno</source_model>
                            <show_in_default>1</show_in_default>
                            <show_in_website>1</show_in_website>
                            <show_in_store>1</show_in_store>
                        </is_sent_to_sales_new_account>
                        <new_account_sales_email_template>
                            <label>Email template sent to admin when a new affiliate registers</label>
                            <frontend_type>select</frontend_type>
                            <source_model>adminhtml/system_config_source_email_template</source_model>
                            <sort_order>60</sort_order>
                            <show_in_default>1</show_in_default>
                            <show_in_website>1</show_in_website>
                            <show_in_store>1</show_in_store>
                        </new_account_sales_email_template>
                        
                        <transactions_separator translate="label">
                            <label>Transaction Process Email</label>
                            <frontend_type>label</frontend_type>
                            <frontend_model>affiliateplus/adminhtml_field_separator</frontend_model>
                            <sort_order>70</sort_order>
                            <show_in_default>1</show_in_default>
                            <show_in_website>1</show_in_website>
                            <show_in_store>1</show_in_store>
                            <comment>10px</comment>
                        </transactions_separator>
                        <is_sent_email_account_new_transaction translate="label">
                            <label>Send email to affiliate when a transaction is created</label>
                            <frontend_type>select</frontend_type>
                            <sort_order>80</sort_order>
                            <source_model>adminhtml/system_config_source_yesno</source_model>
                            <show_in_default>1</show_in_default>
                            <show_in_website>1</show_in_website>
                            <show_in_store>1</show_in_store>
                        </is_sent_email_account_new_transaction>
                        <new_transaction_account_email_template translate="label">
                            <label>Email template sent to affiliate when a transaction is created</label>
                            <frontend_type>select</frontend_type>
                            <source_model>adminhtml/system_config_source_email_template</source_model>
                            <sort_order>90</sort_order>
                            <show_in_default>1</show_in_default>
                            <show_in_website>1</show_in_website>
                            <show_in_store>1</show_in_store>
                        </new_transaction_account_email_template>
                        <is_sent_email_sales_new_transaction translate="label">
                            <label>Send email to admin when a transaction is created</label>
                            <frontend_type>select</frontend_type>
                            <sort_order>100</sort_order>
                            <source_model>adminhtml/system_config_source_yesno</source_model>
                            <show_in_default>1</show_in_default>
                            <show_in_website>1</show_in_website>
                            <show_in_store>1</show_in_store>
                        </is_sent_email_sales_new_transaction>
                        <new_transaction_sales_email_template translate="label">
                            <label>Email template sent to admin when a transaction is created</label>
                            <frontend_type>select</frontend_type>
                            <source_model>adminhtml/system_config_source_email_template</source_model>
                            <sort_order>110</sort_order>
                            <show_in_default>1</show_in_default>
                            <show_in_website>1</show_in_website>
                            <show_in_store>1</show_in_store>
                        </new_transaction_sales_email_template>
                        <is_sent_email_account_updated_transaction translate="label">
                            <label>Send email to affiliates when transaction status is changed</label>
                            <frontend_type>select</frontend_type>
                            <sort_order>120</sort_order>
                            <source_model>adminhtml/system_config_source_yesno</source_model>
                            <show_in_default>1</show_in_default>
                            <show_in_website>1</show_in_website>
                            <show_in_store>1</show_in_store>
                            <comment>Used when transaction is canceled, completed or reduced commission</comment>
                        </is_sent_email_account_updated_transaction>
                        <updated_transaction_account_email_template translate="label">
                            <label>Email template sent to affiliates when transaction status is changed</label>
                            <frontend_type>select</frontend_type>
                            <source_model>adminhtml/system_config_source_email_template</source_model>
                            <sort_order>130</sort_order>
                            <show_in_default>1</show_in_default>
                            <show_in_website>1</show_in_website>
                            <show_in_store>1</show_in_store>
                            <comment>Applied when transaction is canceled or completed</comment>
                        </updated_transaction_account_email_template>
                        <reduce_commission_account_email_template translate="label">
                            <label>Email template sent to affiliates when commission of a transaction is reduced</label>
                            <frontend_type>select</frontend_type>
                            <source_model>adminhtml/system_config_source_email_template</source_model>
                            <sort_order>140</sort_order>
                            <show_in_default>1</show_in_default>
                            <show_in_website>1</show_in_website>
                            <show_in_store>1</show_in_store>
                        </reduce_commission_account_email_template>
                        <!--add by viet email sent to affilate when transaction refund-->
                        <!--                        <is_sent_email_refund translate="label">
                            <label>Send email to affiliate when a transaction refund</label>
                            <frontend_type>select</frontend_type>
                            <sort_order>146</sort_order>
                            <source_model>adminhtml/system_config_source_yesno</source_model>
                            <show_in_default>1</show_in_default>
                            <show_in_website>1</show_in_website>
                            <show_in_store>1</show_in_store>
                        </is_sent_email_refund>
                        <sent_mail_refund_email_template>
                            <label>Sent email to affiliate when a transaction refund</label>
                            <frontend_type>select</frontend_type>
                            <sort_order>148</sort_order>
                            <source_model>adminhtml/system_config_source_email_template</source_model>
                            <show_in_default>1</show_in_default>
                            <show_in_website>1</show_in_website>
                            <show_in_store>1</show_in_store>
                        </sent_mail_refund_email_template>-->
                        <!--end by viet-->
                        <payment_separator translate="label">
                            <label>Withdrawal Email</label>
                            <frontend_type>label</frontend_type>
                            <frontend_model>affiliateplus/adminhtml_field_separator</frontend_model>
                            <sort_order>150</sort_order>
                            <show_in_default>1</show_in_default>
                            <show_in_website>1</show_in_website>
                            <show_in_store>1</show_in_store>
                            <comment>10px</comment>
                        </payment_separator>
                        <is_sent_email_sales_request_payment translate="label">
                            <label>Send email to admin when an affiliate requests withdrawal</label>
                            <frontend_type>select</frontend_type>
                            <sort_order>160</sort_order>
                            <source_model>adminhtml/system_config_source_yesno</source_model>
                            <show_in_default>1</show_in_default>
                            <show_in_website>1</show_in_website>
                            <show_in_store>1</show_in_store>
                        </is_sent_email_sales_request_payment>
                        <request_payment_email_template translate="label">
                            <label>Email template sent to admin when an affiliate requests withdrawal</label>
                            <frontend_type>select</frontend_type>
                            <source_model>adminhtml/system_config_source_email_template</source_model>
                            <sort_order>170</sort_order>
                            <show_in_default>1</show_in_default>
                            <show_in_website>1</show_in_website>
                            <show_in_store>1</show_in_store>
                        </request_payment_email_template>
                        <process_payment_email_template translate="label">
                            <label>Email template sent to affiliate when withdrawal is processed</label>
                            <frontend_type>select</frontend_type>
                            <source_model>adminhtml/system_config_source_email_template</source_model>
                            <sort_order>180</sort_order>
                            <show_in_default>1</show_in_default>
                            <show_in_website>1</show_in_website>
                            <show_in_store>1</show_in_store>
                        </process_payment_email_template>
                        <verify_payment_email>
                            <label>Email template of Payment verification</label>
                            <frontend_type>select</frontend_type>
                            <sort_order>190</sort_order>
                            <source_model>adminhtml/system_config_source_email_template</source_model>
                            <show_in_default>1</show_in_default>
                            <show_in_website>1</show_in_website>
                            <show_in_store>1</show_in_store>
                        </verify_payment_email>
                    </fields>
                </email>
                <action translate="label">
                    <label>Click/View Fraud Detection Configuration</label>
                    <frontend_type>text</frontend_type>
                    <sort_order>50</sort_order>
                    <show_in_default>1</show_in_default>
                    <show_in_website>1</show_in_website>
                    <show_in_store>1</show_in_store>
                    <fields>     
                        <!--<use_magento_link translate="label">-->
                            <!--<label>Use standard magento image link to track banner</label>-->
                            <!--<frontend_type>select</frontend_type>  -->
                            <!--<source_model>adminhtml/system_config_source_yesno</source_model>       -->
                            <!--<sort_order>2</sort_order>-->
                            <!--<show_in_default>1</show_in_default>-->
                            <!--<show_in_website>1</show_in_website>-->
                            <!--<show_in_store>1</show_in_store>-->
                            <!--<comment>If "No", system will be faster</comment>-->
                        <!--</use_magento_link>-->
                        <resetclickby translate="label">
                            <label>IP Reset Time (days)</label>
                            <frontend_type>text</frontend_type>                   
                            <sort_order>5</sort_order>
                            <show_in_default>1</show_in_default>
                            <show_in_website>1</show_in_website>
                            <show_in_store>1</show_in_store>
                            <comment>After this time, a new click/view from each IP will be counted as an unique click/view.</comment>
                        </resetclickby>
                        <!--detect_ip_address>
                            <label>Detect by Ip address</label>
                            <frontend_type>select</frontend_type>  
                            <source_model>adminhtml/system_config_source_yesno</source_model>       
                            <sort_order>10</sort_order>
                            <show_in_default>1</show_in_default>
                            <show_in_website>1</show_in_website>
                            <show_in_store>1</show_in_store>
                            <comment></comment>
                        </detect_ip_address-->
                        <detect_iframe>
                            <label>Detect By Iframe</label>
                            <frontend_type>select</frontend_type>  
                            <source_model>adminhtml/system_config_source_yesno</source_model>       
                            <sort_order>10</sort_order>
                            <show_in_default>1</show_in_default>
                            <show_in_website>1</show_in_website>
                            <show_in_store>1</show_in_store>
                            <comment></comment>
                        </detect_iframe>
                        <detect_cookie>
                            <label>Detect By Cookie</label>
                            <frontend_type>select</frontend_type>  
                            <source_model>adminhtml/system_config_source_yesno</source_model>       
                            <sort_order>20</sort_order>
                            <show_in_default>1</show_in_default>
                            <show_in_website>1</show_in_website>
                            <show_in_store>1</show_in_store>
                            <comment></comment>
                        </detect_cookie>
                        <detect_software>
                            <label>Detect By Software</label>
                            <frontend_type>select</frontend_type>  
                            <source_model>adminhtml/system_config_source_yesno</source_model>       
                            <sort_order>25</sort_order>
                            <show_in_default>1</show_in_default>
                            <show_in_website>1</show_in_website>
                            <show_in_store>1</show_in_store>
                            <comment></comment>
                        </detect_software>
                        <detect_proxy>
                            <label>Detect Proxy By Header</label>
                            <frontend_type>select</frontend_type>  
                            <source_model>adminhtml/system_config_source_yesno</source_model>       
                            <sort_order>30</sort_order>
                            <show_in_default>1</show_in_default>
                            <show_in_website>1</show_in_website>
                            <show_in_store>1</show_in_store>
                            <comment></comment>
                        </detect_proxy>
                        <detect_proxy_header>
                            <label>Select Header Variables For Proxy Detection</label>
                            <frontend_type>multiselect</frontend_type>  
                            <source_model>affiliateplus/system_config_source_headerdetectproxy</source_model>       
                            <sort_order>35</sort_order>
                            <show_in_default>1</show_in_default>
                            <show_in_website>1</show_in_website>
                            <show_in_store>1</show_in_store>
                            <comment></comment>
                        </detect_proxy_header>
                        <detect_proxy_hostbyaddr>
                            <label>Detect Proxy By gethostbyaddr Function</label>
                            <frontend_type>select</frontend_type>  
                            <source_model>adminhtml/system_config_source_yesno</source_model>       
                            <sort_order>37</sort_order>
                            <show_in_default>1</show_in_default>
                            <show_in_website>1</show_in_website>
                            <show_in_store>1</show_in_store>
                            <comment></comment>
                        </detect_proxy_hostbyaddr>
                        <detect_proxy_bankip>
                            <label>Detect Proxy By IP Bank</label>
                            <frontend_type>textarea</frontend_type>         
                            <sort_order>40</sort_order>
                            <show_in_default>1</show_in_default>
                            <show_in_website>1</show_in_website>
                            <show_in_store>1</show_in_store>
                            <comment></comment>
                        </detect_proxy_bankip>
                        
                    </fields>
                </action>
                <!--Changed By Billy Trinh to add config to responsive template-->
                <style_config translate="label">
                    <label>Style Configuration</label>
                    <frontend_type>text</frontend_type>
                    <sort_order>1000</sort_order>
                    <show_in_default>1</show_in_default>
                    <show_in_website>1</show_in_website>
                    <show_in_store>1</show_in_store>
                    <fields>
                        <responsive_enable_separator translate="label">
                            <label>Responsive Theme</label>
                            <frontend_type>label</frontend_type>
                            <frontend_model>affiliateplus/adminhtml_field_separator</frontend_model>
                            <sort_order>1</sort_order>
                            <show_in_default>1</show_in_default>
                            <show_in_website>1</show_in_website>
                            <show_in_store>1</show_in_store>
                            <comment></comment>
                        </responsive_enable_separator>
                        <responsive_enable translate="label">
                            <label>Enable Responsive Theme</label>
                            <frontend_type>select</frontend_type>
                            <sort_order>2</sort_order>
                            <source_model>adminhtml/system_config_source_yesno</source_model>
                            <show_in_default>1</show_in_default>
                            <show_in_website>1</show_in_website>
                            <show_in_store>1</show_in_store>
                        </responsive_enable>
                        <background_color_separator translate="label">
                            <label>General Style</label>
                            <frontend_type>label</frontend_type>
                            <frontend_model>affiliateplus/adminhtml_field_separator</frontend_model>
                            <sort_order>3</sort_order>
                            <show_in_default>1</show_in_default>
                            <show_in_website>1</show_in_website>
                            <show_in_store>1</show_in_store>
                            <comment></comment>
                        </background_color_separator>
                        <background_color translate="label">
                            <label>Background Color for affiliate's pages</label>
                            <frontend_type>text</frontend_type>     
                            <validate>color</validate>              
                            <sort_order>4</sort_order>
                            <show_in_default>1</show_in_default>
                            <show_in_website>1</show_in_website>
                            <show_in_store>1</show_in_store>
                            <comment>Default is FFFFFF</comment>
                        </background_color> 
                        <background_title translate="label">
                            <label>Background Color for titles</label>
                            <frontend_type>text</frontend_type>     
                            <validate>color</validate>              
                            <sort_order>5</sort_order>
                            <show_in_default>1</show_in_default>
                            <show_in_website>1</show_in_website>
                            <show_in_store>1</show_in_store>
                            <comment>Default is EB7705</comment>
                        </background_title> 
                        <title_color translate="label">
                            <label>Text Color for titles</label>
                            <frontend_type>text</frontend_type>     
                            <validate>color</validate>              
                            <sort_order>6</sort_order>
                            <show_in_default>1</show_in_default>
                            <show_in_website>1</show_in_website>
                            <show_in_store>1</show_in_store>
                            <comment>Default is FFFFFF</comment>
                        </title_color>
                        <background_subtitle translate="label">
                            <label>Background Color for sub-titles</label>
                            <frontend_type>text</frontend_type>     
                            <validate>color</validate>              
                            <sort_order>7</sort_order>
                            <show_in_default>1</show_in_default>
                            <show_in_website>1</show_in_website>
                            <show_in_store>1</show_in_store>
                            <comment>Default is 9D9D9D</comment>
                        </background_subtitle>       
                        <sub_title_color translate="label">
                            <label>Text Color for sub-titles</label>
                            <frontend_type>text</frontend_type>     
                            <validate>color</validate>              
                            <sort_order>8</sort_order>
                            <show_in_default>1</show_in_default>
                            <show_in_website>1</show_in_website>
                            <show_in_store>1</show_in_store>
                            <comment>Default is FFFFFF</comment>
                        </sub_title_color>                       
                        <button_social_background_color translate="label">
                            <label>Background Color for Social Share buttons</label>
                            <frontend_type>text</frontend_type>     
                            <validate>color</validate>              
                            <sort_order>13</sort_order>
                            <show_in_default>1</show_in_default>
                            <show_in_website>1</show_in_website>
                            <show_in_store>1</show_in_store>
                            <comment>Default is 0081BA</comment>
                        </button_social_background_color>
                        <button_social_color translate="label">
                            <label>Text Color for Social Share buttons</label>
                            <frontend_type>text</frontend_type>     
                            <validate>color</validate>              
                            <sort_order>14</sort_order>
                            <show_in_default>1</show_in_default>
                            <show_in_website>1</show_in_website>
                            <show_in_store>1</show_in_store>
                            <comment>Default is FFFFFF</comment>
                        </button_social_color>
                         <lef_navigation_separator translate="label">
                            <label>Left Navigation Style</label>
                            <frontend_type>label</frontend_type>
                            <frontend_model>affiliateplus/adminhtml_field_separator</frontend_model>
                            <sort_order>15</sort_order>
                            <show_in_default>1</show_in_default>
                            <show_in_website>1</show_in_website>
                            <show_in_store>1</show_in_store>
                            <comment></comment>
                        </lef_navigation_separator>
                        <background_navigation_color translate="label">
                            <label>Background Color for inactive tabs</label>
                            <frontend_type>text</frontend_type>     
                            <validate>color</validate>              
                            <sort_order>16</sort_order>
                            <show_in_default>1</show_in_default>
                            <show_in_website>1</show_in_website>
                            <show_in_store>1</show_in_store>
                            <comment>Default is FFFFFF</comment>
                        </background_navigation_color> 
                        
                        <active_background_navigation_color translate="label">
                            <label>Background Color for active tabs</label>
                            <frontend_type>text</frontend_type>     
                            <validate>color</validate>              
                            <sort_order>18</sort_order>
                            <show_in_default>1</show_in_default>
                            <show_in_website>1</show_in_website>
                            <show_in_store>1</show_in_store>
                            <comment>Default is EEEEEE</comment>
                        </active_background_navigation_color>
                        <active_color_navigation_color translate="label">
                            <label>Text Color for active tabs</label>
                            <frontend_type>text</frontend_type>     
                            <validate>color</validate>              
                            <sort_order>19</sort_order>
                            <show_in_default>1</show_in_default>
                            <show_in_website>1</show_in_website>
                            <show_in_store>1</show_in_store>
                            <comment>Default is EB7705</comment>
                        </active_color_navigation_color>
                        <text_font_size translate="label">
                            <label>Font size for tab names</label>
                            <frontend_type>text</frontend_type>                
                            <sort_order>20</sort_order>
                            <show_in_default>1</show_in_default>
                            <show_in_website>1</show_in_website>
                            <show_in_store>1</show_in_store>
                            <comment>Default is 14</comment>
                        </text_font_size>  
                        <popup_color_separator translate="label">
                            <label>Popup Style</label>
                            <frontend_type>label</frontend_type>
                            <frontend_model>affiliateplus/adminhtml_field_separator</frontend_model>
                            <sort_order>21</sort_order>
                            <show_in_default>1</show_in_default>
                            <show_in_website>1</show_in_website>
                            <show_in_store>1</show_in_store>
                            <comment></comment>
                        </popup_color_separator> 
                        <background_popup_color translate="label">
                            <label>Background Color for body</label>
                            <frontend_type>text</frontend_type>     
                            <validate>color</validate>              
                            <sort_order>22</sort_order>
                            <show_in_default>1</show_in_default>
                            <show_in_website>1</show_in_website>
                            <show_in_store>1</show_in_store>
                            <comment>Default is FFFFFF</comment>
                        </background_popup_color> 
                        <background_popup_title translate="label">
                            <label>Background Color for title</label>
                            <frontend_type>text</frontend_type>     
                            <validate>color</validate>              
                            <sort_order>23</sort_order>
                            <show_in_default>1</show_in_default>
                            <show_in_website>1</show_in_website>
                            <show_in_store>1</show_in_store>
                            <comment>Default is 9D9D9D</comment>
                        </background_popup_title>       
                        <popup_title_color translate="label">
                            <label>Text Color for title</label>
                            <frontend_type>text</frontend_type>     
                            <validate>color</validate>              
                            <sort_order>24</sort_order>
                            <show_in_default>1</show_in_default>
                            <show_in_website>1</show_in_website>
                            <show_in_store>1</show_in_store>
                            <comment>Default is FFFFFF</comment>
                        </popup_title_color>  
                        <button_color_separator translate="label">
                            <label>Button Style (on the Affiliate Home page)</label>
                            <frontend_type>label</frontend_type>
                            <frontend_model>affiliateplus/adminhtml_field_separator</frontend_model>
                            <sort_order>25</sort_order>
                            <show_in_default>1</show_in_default>
                            <show_in_website>1</show_in_website>
                            <show_in_store>1</show_in_store>
                            <comment></comment>
                        </button_color_separator> 
                        <background_color_login_button translate="label">
                            <label>Background Color for Login button</label>
                            <frontend_type>text</frontend_type>     
                            <validate>color</validate>              
                            <sort_order>26</sort_order>
                            <show_in_default>1</show_in_default>
                            <show_in_website>1</show_in_website>
                            <show_in_store>1</show_in_store>
                            <comment>Default is E05435</comment>
                        </background_color_login_button> 
                        <background_color_signup_button translate="label">
                            <label>Background Color for Signup button</label>
                            <frontend_type>text</frontend_type>     
                            <validate>color</validate>              
                            <sort_order>27</sort_order>
                            <show_in_default>1</show_in_default>
                            <show_in_website>1</show_in_website>
                            <show_in_store>1</show_in_store>
                            <comment>Default is 8EC549</comment>
                        </background_color_signup_button>       
                        <background_color_contact_button translate="label">
                            <label>Background Color for Contact button</label>
                            <frontend_type>text</frontend_type>     
                            <validate>color</validate>              
                            <sort_order>28</sort_order>
                            <show_in_default>1</show_in_default>
                            <show_in_website>1</show_in_website>
                            <show_in_store>1</show_in_store>
                            <comment>Default is 0081BA</comment>
                        </background_color_contact_button>                      
                    </fields>   
                </style_config> 
            </groups>
        </affiliateplus>  
    </sections>
</config>